sentry.io,greenhouse,https://boards.greenhouse.io/sentry
airtable,greenhouse,https://boards.greenhouse.io/airtable
verkada,greenhouse,https://boards.greenhouse.io/verkada
figma,greenhouse,https://boards.greenhouse.io/figma
notion,greenhouse,https://boards.greenhouse.io/notion
discord,greenhouse,https://boards.greenhouse.io/discord
loop,greenhouse,https://boards.greenhouse.io/loop
typeface,greenhouse,https://boards.greenhouse.io/typeface
mercury,greenhouse,https://boards.greenhouse.io/mercury
pendo,greenhouse,https://boards.greenhouse.io/pendo
reddit,greenhouse,https://boards.greenhouse.io/reddit
weee,greenhouse,https://boards.greenhouse.io/weee
exabeam,greenhouse,https://boards.greenhouse.io/exabeam
hudl,greenhouse,https://boards.greenhouse.io/hudl
remote,greenhouse,https://boards.greenhouse.io/remotecom
forbes,greenhouse,https://boards.greenhouse.io/forbes
gusto,greenhouse,https://boards.greenhouse.io/gusto
bitly,greenhouse,https://boards.eu.greenhouse.io/bitly46
replit,ashby,https://jobs.ashbyhq.com/replit
ramp,ashby,https://jobs.ashbyhq.com/ramp
vanta,ashby,https://jobs.ashbyhq.com/vanta
plaid,custom,https://plaid.com/careers/openings/university/all-locations/
addepar,custom,https://addepar.com/careers#greenhouse-jobs
cockroach labs,custom,https://www.cockroachlabs.com/careers/open-positions/
